<?xml version="1.0" encoding="UTF-8"?>
<beans xmlns="http://www.springframework.org/schema/beans"
       xmlns:context="http://www.springframework.org/schema/context"
       xmlns:xsi="http://www.w3.org/2001/XMLSchema-instance"
       xsi:schemaLocation="http://www.springframework.org/schema/beans http://www.springframework.org/schema/beans/spring-beans.xsd">

    <!--<context:annotation-config />-->

    <bean id="op1" class="com.example.demo.Operand" scope="prototype">
        <property name="value" value="10" />
    </bean>
    <bean id="op2" class="com.example.demo.Operand" scope="prototype">
        <property name="value" value="20" />
    </bean>
    <bean id="operatorBean" class="com.example.demo.MinusOp">
        <property name="operand1" ref="op1" />
        <property name="operand2" ref="op2" />
    </bean>
</beans>